ANT 210 Introduction to Physical Anthropology|1
ANT 220 Cultural Anthropology|1
ANT 230 Archaeology|1
ANT 300 Food and Culture|1
ANT 302 Applied Anthropology|1
ANT 310 Forensic Anthropology|1
ANT 330 Anthropology of Religion|1
ANT 350 Anthropology of Aging|1
ANT 390 Selected Topics in Cultural Anthropology|1
ANT 392 Anthropology and Medicine|1
ANT 498 Independent Study|1
ANT 499 Independent Study|1
BEH 260 Statistics for the Behavioral Sciences|2
BEH 498 Independent Study|2
BEH 499 Independent Study|2
CJA 101 Introduction to Criminal Justice|3
CJA 110 Juvenile Delinquency|3
CJA 203 Ethical Issues in Criminal Justice|3
CJA 230 Introduction to Criminalistics|3
CJA 234 Law Enforcement|3
CJA 302 Criminal Law|3
CJA 303 Gender and Crime|3
CJA 304 Legal Standards of Security/Asset Protection|3
CJA 305 Criminal Investigation|3
CJA 310 Victimology|3
CJA 311 Crime Prevention and Physical Security|3
CJA 314 Organized Crime|3
CJA 322 Examining Terrorism|3
CJA 323 Fire and Explosion Investigation|3
CJA 336 Judicial Process|3
CJA 337 Punishment and Corrections|3
CJA 341 Criminal Procedure|3
CJA 347 Community-Based Corrections|3
CJA 348 Juvenile Justice|3
CJA 360 Experiential Learning in Criminal Justice|3
CJA 361 Experiential Learning in Criminal Justice|3
CJA 362 Crime Scene Processing|3
CJA 364 Policing Communities|3
CJA 377 Criminal Justice Research Methods|3
CJA 378 Theories of Crime and Delinquency|3
CJA 380 Special Topics in Criminal Justice|3
CJA 383 White Collar Crime|3
CJA 386 Death Investigation|3
CJA 396 Criminal Justice Statistics|3
CJA 403 Conflict Analysis and Management|3
CJA 405 Substance Abuse and the Criminal Justice System|3
CJA 491 Senior Seminar|3
CJA 498 Independent Study|3
CJA 499 Independent Study|3
GER 100 Perspectives on Aging|4
GER 215 Social Aspects of Aging|4
GER 312 Psychological Aspects of Aging|4
GER 320 Working with Older Adults|4
GER 330 Death - Dying - and Bereavement|4
GER 390 Selected Topics in Gerontology|4
GER 391 Selected Topics in Gerontology|4
GER 392 Selected Topics in Gerontology|4
GER 410 Health In Later Years|4
GER 491 Validation Method Part I|4
GER 492 Validation Method Part II|4
GER 498 Gerontology Independent Study|4
GER 499 Gerontology Independent Study|4
HSV 100 Introduction to Human Services|5
HSV 200 (BEH200) Applied Youth Development|5
HSV 220 Career Development & Practicum|5
HSV 240 (SOC240) Theory and Policy for the Human Service Professional|5
HSV 250 Lifecourse Development for the Human Services|5
HSV 316 (GER316) Ethical Aspects of the Human Services|5
HSV 325 Diversity of Family Systems|5
HSV 345 (SOC345) Human Service Techniques|5
HSV 355 (SOC355) Program Design and Evaluation|5
HSV 370 Case Management|5
HSV 415 (SOC415) Grant Writing for Non-profit Agencies|5
HSV 490 (BEH490) Human Services Seminar|5
HSV 495 (BEH495) Human Services Internship|5
HSV 496 (BEH496) Human Services Internship|5
PSY 100 General Psychology|6
PSY 110 Orientation to the Psychology Major|6
PSY 200 Essential Skills and Tools in Psychology|6
PSY 210 Fundamentals of Biopsychology|6
PSY 215 Sustainability and Psychology|6
PSY 221 Child and Adolescent Development|6
PSY 222 Adult Development|6
PSY 223 Early Childhood Development|6
PSY 227 Childhood Exceptionalities|6
PSY 230 Abnormal Psychology|6
PSY 243 Social Psychology|6
PSY 250 Multicultural Awareness|6
PSY 270 Design and Analysis I|6
PSY 271 Design and Analysis II|6
PSY 307 Cognitive Psychology|6
PSY 309 Theories of Learning|6
PSY 310 Brain and Behavior|6
PSY 312 Psychological Aspects of Aging|6
PSY 313 Applied Behavioral Neuroscience|6
PSY 314 Behavioral Neuroscience|6
PSY 321 Developmental Science|6
PSY 330 Adult Psychopathology|6
PSY 331 Child Psychopathology|6
PSY 365 Psychological Testing|6
PSY 370 Design and Analysis III|6
PSY 375-399 Special Topics in Psychology|6
PSY 395 Eating Disorders|6
PSY 421 Psychology Cooperative Internship|6
PSY 422 Psychology Cooperative Internship|6
PSY 431 Psychology Teaching Practicum|6
PSY 432 Psychology Teaching Practicum II|6
PSY 440 Personality|6
PSY 441 Counseling Theories in Psychology|6
PSY 472 History and Systems of Psychology|6
PSY 490 Senior Seminar in Psychology|6
PSY 498 Independent Study in Psychology|6
PSY 499 Independent Study in Psychology|6
SOC 100 Introduction to Sociology|7
SOC 200 Professionalism in Sociology|7
SOC 201 Sociology of Family Violence|7
SOC 210 Drug/Alcohol Addiction|7
SOC 220 American Social Problems|7
SOC 225 The Family|7
SOC 230 Development of Sociological Theory|7
SOC 235 Contemporary Sociological Theory|7
SOC 260 Gender and Society|7
SOC 301 Environmental Sociology|7
SOC 302 Sociology of Health and Illness|7
SOC 303 Population Trends|7
SOC 305 Working with Children and Youth|7
SOC 310 Sociology of Organizations|7
SOC 315 Ethnic and Minority Relations|7
SOC 320 Criminology|7
SOC 330 Sociology of Religion|7
SOC 335 Research Methodology I|7
SOC 336 Quantitative Research Methods|7
SOC 337 Qualitative Research Methods|7
SOC 340 Urban Sociology|7
SOC 375 Social Stratification|7
SOC 420-422 Selected Topics In Sociology|7
SOC 436 Applied Volunteer Management|7
SOC 473 Social Movements in the World|7
SOC 490 Sociology Seminar|7
SOC 495 Sociology Internship|7
SOC 496 Sociology Internship|7
SOC 498 Independent Study|7
SOC 499 Independent Study|7
BIO 100 Introduction to Allied Health|8
BIO 112 Essentials of Anatomy and Physiology|8
BIO 142 Molecules|8
BIO 150 Introduction to Molecular Biology|8
BIO 152 Evolution - Ecology and Diversity|8
BIO 200 Introduction to Scientific Research|8
BIO 201 Medical Terminology|8
BIO 202 Concepts in Pharmacology|8
BIO 203 Pathophysiology|8
BIO 204 (BIO110) Exploring Biology|8
BIO 210 Introduction to Marine Biology|8
BIO 212 Environmental Biology|8
BIO 216 Unseen Life|8
BIO 218 Plants and People|8
BIO 220 Human Anatomy and Physiology I|8
BIO 222 Human Anatomy and Physiology II|8
BIO 230 Microbiology for Allied Health|8
BIO 232 Plant Taxonomy and Seasonal Flora|8
BIO 234 (BIO120) Evolution and Biodiversity|8
BIO 240 Genetics|8
BIO 290 Biostatistics|8
BIO 300 Ecology|8
BIO 302 Zoology|8
BIO 304 Botany|8
BIO 306 Animal Behavior|8
BIO 308 Animal Physiology|8
BIO 310 Plant Morphology/Embryology|8
BIO 312 Plant Systematics|8
BIO 324 Marine Ecology of the Chesapeake Bay|8
BIO 330 Microbiology|8
BIO 350 Biochemistry I|8
BIO 352 Biochemistry II|8
BIO 354 Immunology|8
BIO 358 Cell and Molecular Biology|8
BIO 360 Neurobiology|8
BIO 362 Microbial Physiology|8
BIO 364 Virology|8
BIO 370 Evolutionary Biology|8
BIO 372 Conservation Biology|8
BIO 390 Junior Thesis|8
BIO 391 Junior Thesis Lab|8
BIO 400 Senior Thesis|8
BIO 402 Biological Internship|8
BIO 406 Independent Study|8
BIO 408 Independent Study|8
NM 101 Nuclear Medicine Theory I|9
NM 102 Nuclear Medicine Theory II|9
NM 103 Nuclear Medicine Theory III|9
NM 110 Nuclear Medicine Practicum I|9
NM 111 Nuclear Medicine Practicum II|9
NM 112 Nuclear Medicine Practicum III|9
PMD 110 Family Medicine Grand Rounds|10
PMD 120 Family Medicine Grand Rounds|10
PMD 130 Emergency Medicine Grand Rounds|10
PMD 140 Emergency Medicine Grand Rounds|10
PMD 210 Emergency Medicine and Research I|10
PMD 220 Emergency Medicine and Research II|10
PMD 230 Clinical Shadowing Rotations|10
PMD 310 Advanced Human Anatomy|10
RAD 310 Radiography Theorum I|11
RAD 320 Radiography Practicum I|11
RAD 330 Radiography Theorum II|11
RAD 340 Radiography Practicum II|11
RAD 350 Radiography Theorum III|11
RAD 360 Radiography Practicum III|11
RAD 410 Radiography Theorum IV|11
RAD 420 Radiography Practicum IV|11
RAD 430 Radiography Theorum V|11
RAD 440 Radiography Practicum V|11
RT 100 Basic Science for Respiratory Care|12
RT 105 Medical Terminology for Health Professions|12
RT 110 Oxygen Therapy and Cardiopulmonary Resuscitation|12
RT 115 Bronchopulmonary Hygiene|12
RT 120 Mechanical Ventilation|12
RT 125 Pulmonary Function Testing and Interpretation|12
RT 130 Pulmonary Diseases|12
RT 135 Pediatric Respiratory Therapy|12
RT 150 Clinical Practice A|12
RT 160 Clinical Practice B|12
RT 210 Evaluation of the Patient with Pulmonary Disease|12
RT 245 Clinical Practice C|12
RT 270 Clinical Practice D|12
RT 320 Pulmonary Physiology|12
RT 330 Cardiac Physiology|12
RT 350 Clinical Practice E|12
RT 410 Independent Study in Respiratory Therapy|12
RT 430 Clinical Practice F|12
RT 450 Respiratory Therapy Seminar|12
SES 381 Independent Study in Sustainability and Environmental Studies|13
SES 382 Independent Study in Sustainability and Environmental Studies|13
SES 491 Internship in Sustainability and Environmental Studies|13
SES 492 Internship in Sustainability and Environmental Studies|13
ART 101 Art and Visual Culture|14
ART 200 Introduction to Graphic Design|14
ART 204 Survey of Western Art I|14
ART 205 Survey of Western Art II|14
ART 206 Elements of Computer Graphics|14
ART 207 Introduction to Art Therapy|14
ART 208 Introduction to Letterpress|14
ART 210 Design I|14
ART 211 Design II|14
ART 215 Drawing I|14
ART 216 Figure Drawing I|14
ART 218 Typography I|14
ART 219 Typography II|14
ART 220 Painting I|14
ART 223 Illustration I|14
ART 225 Ceramics I|14
ART 230 Sculpture I|14
ART 231 (ART110) Concepts of Design|14
ART 232 (ART112) Concepts of Figure Drawing|14
ART 233 (ART114) Concepts of Painting|14
ART 234 (ART116) Concepts of Sculpture|14
ART 235 (ART134) Concepts of Computer Graphics|14
ART 245 Photography I|14
ART 246 Digital Photography|14
ART 247 The Digital Image|14
ART 265 Drawing II|14
ART 266 Figure Drawing II|14
ART 270 Painting II|14
ART 273 Illustration II|14
ART 275 Ceramics II|14
ART 280 Sculpture II|14
ART 284 Jewelry and Small Sculpture I|14
ART 287 Printmaking I|14
ART 290 Print Production|14
ART 291 Printmaking II|14
ART 293 Book Arts|14
ART 294 Jewelry and Small Sculpture II|14
ART 295 Photography II|14
ART 296 Publication Design|14
ART 298 Sophomore Portfolio Review|14
ART 299 Sophomore Portfolio Review|14
ART 315 Drawing III|14
ART 316 Figure Drawing III|14
ART 320 Painting III|14
ART 323 Illustration III|14
ART 330 Sculpture III|14
ART 339 Motion Graphics|14
ART 340 Web Design I|14
ART 341 Web Design II|14
ART 345 Photography III|14
ART 365 Drawing IV|14
ART 366 Figure Drawing IV|14
ART 370 Painting IV|14
ART 373 Illustration IV|14
ART 380 Sculpture IV|14
ART 385 Photography IV|14
ART 388 History of Photography|14
ART 389 History of Graphic Design|14
ART 390 Art of the Classical World|14
ART 391 Nineteenth-Century Art|14
ART 393 American Art|14
ART 394 The Modernist Impulse Art 1900-1950|14
ART 395 Pop to Postmodern Art|14
ART 397 Art in Recreation Beyond Arts and Crafts|14
ART 398 Junior Design Studio|14
ART 399 Selected Topics in Art|14
ART 432 Senior Design Studio|14
ART 435 Professional Development Seminar/Fine Art|14
ART 436 Professional Development Seminar/Graphic Design|14
ART 437 Fine Art Seminar|14
ART 440 Senior Portfolio and Exhibition (Fine Art)|14
ART 441 Senior Portfolio and Exhibition (Graphic Design)|14
ART 450 Art Internship|14
ART 451 Art Internship|14
ART 498 Independent Study|14
ART 499 Independent Study|14
MUS 001 Recital Attendance|15
MUS 002 Recital Attendance|15
MUS 003 Recital Attendance|15
MUS 004 Recital Attendance|15
MUS 005 Recital Attendance|15
MUS 006 Recital Attendance|15
MUS 007 Recital Attendance|15
MUS 008 Recital Attendance|15
MUS 101 Voice|15
MUS 102 Voice|15
MUS 103 Piano|15
MUS 104 Piano|15
MUS 105 Organ|15
MUS 106 Organ|15
MUS 107 Harpsichord|15
MUS 108 Violin|15
MUS 109 Violin|15
MUS 110 Viola|15
MUS 111 Viola|15
MUS 112 Cello|15
MUS 113 Cello|15
MUS 114 Double Bass|15
MUS 115 Double Bass|15
MUS 116 Trumpet|15
MUS 117 Trumpet|15
MUS 118 French Horn|15
MUS 119 French Horn|15
MUS 120 Trombone|15
MUS 121 Trombone|15
MUS 122 Baritone|15
MUS 123 Baritone|15
MUS 124 Tuba|15
MUS 125 Tuba|15
MUS 126 Flute|15
MUS 127 Flute|15
MUS 128 Clarinet|15
MUS 129 Clarinet|15
MUS 130 Saxophone|15
MUS 131 Saxophone|15
MUS 132 Oboe|15
MUS 133 Oboe|15
MUS 134 Bassoon|15
MUS 135 Bassoon|15
MUS 136 Percussion|15
MUS 137 Percussion|15
MUS 138 Guitar|15
MUS 139 Guitar|15
MUS 142 Improvisation|15
MUS 143 Improvisation|15
MUS 201 Voice|15
MUS 202 Voice|15
MUS 203 Piano|15
MUS 204 Piano|15
MUS 205 Organ|15
MUS 206 Organ|15
MUS 207 Harpsichord|15
MUS 208 Violin|15
MUS 209 Violin|15
MUS 210 Viola|15
MUS 211 Viola|15
MUS 212 Cello|15
MUS 213 Cello|15
MUS 214 Double Bass|15
MUS 215 Double Bass|15
MUS 216 Trumpet|15
MUS 217 Trumpet|15
MUS 218 French Horn|15
MUS 219 French Horn|15
MUS 220 Trombone|15
MUS 221 Trombone|15
MUS 222 Baritone|15
MUS 223 Baritone|15
MUS 224 Tuba|15
MUS 225 Tuba|15
MUS 226 Flute|15
MUS 227 Flute|15
MUS 228 Clarinet|15
MUS 229 Clarinet|15
MUS 230 Saxophone|15
MUS 231 Saxophone|15
MUS 232 Oboe|15
MUS 233 Oboe|15
MUS 234 Bassoon|15
MUS 235 Bassoon|15
MUS 236 Percussion|15
MUS 237 Percussion|15
MUS 238 Guitar|15
MUS 239 Guitar|15
MUS 242 Improvisation|15
MUS 243 Improvisation|15
MUS 301 Voice|15
MUS 302 Voice|15
MUS 303 Piano|15
MUS 304 Piano|15
MUS 305 Organ|15
MUS 306 Organ|15
MUS 307 Harpsichord|15
MUS 308 Violin|15
MUS 309 Violin|15
MUS 310 Viola|15
MUS 311 Viola|15
MUS 312 Cello|15
MUS 313 Cello|15
MUS 314 Double Bass|15
MUS 315 Double Bass|15
MUS 316 Trumpet|15
MUS 317 Trumpet|15
MUS 318 French Horn|15
MUS 319 French Horn|15
MUS 320 Trombone|15
MUS 321 Trombone|15
MUS 322 Baritone|15
MUS 323 Baritone|15
MUS 324 Tuba|15
MUS 325 Tuba|15
MUS 326 Flute|15
MUS 327 Flute|15
MUS 328 Clarinet|15
MUS 329 Clarinet|15
MUS 330 Saxophone|15
MUS 331 Saxophone|15
MUS 332 Oboe|15
MUS 333 Oboe|15
MUS 334 Bassoon|15
MUS 335 Bassoon|15
MUS 336 Percussion|15
MUS 337 Percussion|15
MUS 338 Guitar|15
MUS 339 Guitar|15
MUS 340 Composition|15
MUS 341 Composition|15
MUS 342 Improvisation|15
MUS 343 Improvisation|15
MUS 401 Voice|15
MUS 402 Voice|15
MUS 403 Piano|15
MUS 404 Piano|15
MUS 405 Organ|15
MUS 406 Organ|15
MUS 407 Harpsichord|15
MUS 408 Violin|15
MUS 409 Violin|15
MUS 410 Viola|15
MUS 411 Viola|15
MUS 412 Cello|15
MUS 413 Cello|15
MUS 414 Double Bass|15
MUS 415 Double Bass|15
MUS 416 Trumpet|15
MUS 417 Trumpet|15
MUS 418 French Horn|15
MUS 419 French Horn|15
MUS 420 Trombone|15
MUS 421 Trombone|15
MUS 422 Baritone|15
MUS 423 Baritone|15
MUS 424 Tuba|15
MUS 425 Tuba|15
MUS 426 Flute|15
MUS 427 Flute|15
MUS 428 Clarinet|15
MUS 429 Clarinet|15
MUS 430 Saxophone|15
MUS 431 Saxophone|15
MUS 432 Oboe|15
MUS 433 Oboe|15
MUS 434 Bassoon|15
MUS 435 Bassoon|15
MUS 436 Percussion|15
MUS 437 Percussion|15
MUS 438 Guitar|15
MUS 439 Guitar|15
MUS 440 Composition|15
MUS 441 Composition|15
MUS 442 Improvisation|15
MUS 443 Improvisation|15
MUS 140 Piano Class|16
MUS 141 Piano Class|16
MUS 148 Guitar Class|16
MUS 149 Guitar Class|16
MUS 150 York College Chorale|16
MUS 151 York College Chorale|16
MUS 152 Chamber Singers|16
MUS 153 Chamber Singers|16
MUS 154 Opera and Musical Theatre|16
MUS 155 Opera and Musical Theatre|16
MUS 156 Vocal Repertoire|16
MUS 157 Vocal Repertoire|16
MUS 158 Women∆s Ensemble|16
MUS 159 Women∆s Ensemble|16
MUS 160 Wind Symphony|16
MUS 161 Wind Symphony|16
MUS 162 Jazz Ensemble|16
MUS 163 Jazz Ensemble|16
MUS 164 Community Orchestra|16
MUS 165 Community Orchestra|16
MUS 166 String Ensemble|16
MUS 167 String Ensemble|16
MUS 168 Brass Choir|16
MUS 169 Brass Choir|16
MUS 170 Woodwind Ensemble|16
MUS 171 Woodwind Ensemble|16
MUS 172 Percussion Ensemble|16
MUS 173 Percussion Ensemble|16
MUS 174 Keyboard Ensemble|16
MUS 175 Keyboard Ensemble|16
MUS 176 Guitar Ensemble|16
MUS 177 Guitar Ensemble|16
MUS 178 Rock Band|16
MUS 179 Rock Band|16
MUS 240 Piano Class|16
MUS 241 Piano Class|16
MUS 250 York College Chorale|16
MUS 251 York College Chorale|16
MUS 252 Chamber Singers|16
MUS 253 Chamber Singers|16
MUS 254 Opera and Musical Theatre|16
MUS 255 Opera and Musical Theatre|16
MUS 256 Vocal Repertoire|16
MUS 257 Vocal Repertoire|16
MUS 258 Women∆s Ensemble|16
MUS 259 Women∆s Ensemble|16
MUS 260 Wind Symphony|16
MUS 261 Wind Symphony|16
MUS 262 Jazz Ensemble|16
MUS 263 Jazz Ensemble|16
MUS 264 Community Orchestra|16
MUS 265 Community Orchestra|16
MUS 266 String Ensemble|16
MUS 267 String Ensemble|16
MUS 268 Brass Choir|16
MUS 269 Brass Choir|16
MUS 270 Woodwind Ensemble|16
MUS 271 Woodwind Ensemble|16
MUS 272 Percussion Ensemble|16
MUS 273 Percussion Ensemble|16
MUS 274 Keyboard Ensemble|16
MUS 275 Keyboard Ensemble|16
MUS 276 Guitar Ensemble|16
MUS 277 Guitar Ensemble|16
MUS 278 Rock Band|16
MUS 279 Rock Band|16
MUS 350 York College Chorale|16
MUS 351 York College Chorale|16
MUS 352 Chamber Singers|16
MUS 353 Chamber Singers|16
MUS 354 Opera and Musical Theater|16
MUS 355 Opera and Musical Theater|16
MUS 356 Vocal Repertoire|16
MUS 357 Vocal Repertoire|16
MUS 358 Women∆s Ensemble|16
MUS 359 Women∆s Ensemble|16
MUS 360 Wind Symphony|16
MUS 361 Wind Symphony|16
MUS 362 Jazz Ensemble|16
MUS 363 Jazz Ensemble|16
MUS 364 Community Orchestra|16
MUS 365 Community Orchestra|16
MUS 366 String Ensemble|16
MUS 367 String Ensemble|16
MUS 368 Brass Choir|16
MUS 369 Brass Choir|16
MUS 370 Woodwind Ensemble|16
MUS 371 Woodwind Ensemble|16
MUS 372 Percussion Ensemble|16
MUS 373 Percussion Ensemble|16
MUS 374 Keyboard Ensemble|16
MUS 375 Keyboard Ensemble|16
MUS 376 Guitar Ensemble|16
MUS 377 Guitar Ensemble|16
MUS 378 Rock Band|16
MUS 379 Rock Band|16
MUS 450 York College Chorale|16
MUS 451 York College Chorale|16
MUS 452 Chamber Singers|16
MUS 453 Chamber Singers|16
MUS 454 Opera and Musical Theater|16
MUS 455 Opera and Musical Theater|16
MUS 456 Vocal Repertoire|16
MUS 457 Vocal Repertoire|16
MUS 458 Women∆s Ensemble|16
MUS 459 Women∆s Ensemble|16
MUS 460 Wind Symphony|16
MUS 461 Wind Symphony|16
MUS 462 Jazz Ensemble|16
MUS 463 Jazz Ensemble|16
MUS 464 Community Orchestra|16
MUS 465 Community Orchestra|16
MUS 466 String Ensemble|16
MUS 467 String Ensemble|16
MUS 468 Brass Choir|16
MUS 469 Brass Choir|16
MUS 470 Woodwind Ensemble|16
MUS 471 Woodwind Ensemble|16
MUS 472 Percussion Ensemble|16
MUS 473 Percussion Ensemble|16
MUS 474 Keyboard Ensemble|16
MUS 475 Keyboard Ensemble|16
MUS 476 Guitar Ensemble|16
MUS 477 Guitar Ensemble|16
MUS 478 Rock Band|16
MUS 479 Rock Band|16
MUS 181 Foundations of Music Theory and Musicianship|17
MUS 182 Music Theory I|17
MUS 183 Music Theory II|17
MUS 184 Aural Skills I|17
MUS 185 Aural Skills II|17
MUS 186 (MUS200) Listening to Music|17
MUS 245 Exploring Music in Film|17
MUS 246 Jazz and Popular Music Theory|17
MUS 247 Commercial Song Writing|17
MUS 281 World Music|17
MUS 282 Music Theory III|17
MUS 283 Music Theory IV|17
MUS 284 Aural Skills III|17
MUS 285 Aural Skills IV|17
MUS 286 Jazz History|17
MUS 287 American Popular Music|17
MUS 288 History of Rock and Roll|17
MUS 290 Introduction to Music Literature|17
MUS 296 History of Musical Theatre|17
MUS 297 Survey of Music Industry|17
MUS 299 Music and Culture Since 1900|17
MUS 346 Music Production I|17
MUS 349 Vocal Pedagogy I|17
MUS 380 Ethnomusicology|17
MUS 385 Form and Analysis|17
MUS 390 Music History I|17
MUS 391 Music History II|17
MUS 397 Music Entertainment and Promotion|17
MUS 446 Music Production II|17
MUS 486 Orchestration and Arranging|17
MUS 490 Choral Conducting|17
MUS 491 Instrumental Conducting|17
MUS 494 Music Industry Internship|17
MUS 495 Music Industry Internship|17
MUS 497 Music Publishing - Licensing and Copyright|17
MUS 498 Independent Study|17
MUS 499 Independent Study|17
MUS 146 Vocal Methods|18
MUS 292 String Methods|18
MUS 293 Brass Methods|18
MUS 294 Woodwind Methods|18
MUS 295 Percussion Methods|18
MUS 298 Foreign Language Diction for Choirs|18
MUS 392 Teaching Music in the Elementary School|18
MUS 393 Teaching Music in the Secondary School|18
THE 150 Movement for the Stage|19
THE 205 Text Performance|19
THE 220 Stagecraft|19
THE 221 Theatre Technology|19
THE 222 Costume Construction|19
THE 223 Costume Crafts and Technology|19
THE 225 Make-up for Theatre|19
THE 254 Introduction to Theatre|19
THE 262 Acting|19
THE 275 Playwriting|19
THE 300 Arts Administration|19
THE 320 Scene Design|19
THE 321 Lighting Design|19
THE 322 Costume Design|19
THE 350 Theatre Practicum|19
THE 351 Theatre Practicum|19
THE 352 Theatre Practicum|19
THE 353 Theatre Practicum|19
THE 355 Advanced Acting|19
THE 360 History of Theatre I|19
THE 361 History of Theatre II|19
THE 363 Theatre Directing|19
THE 380 Special Topics in Theatre|19
THE 410 Western Theatre|19
THE 415 Non-Western Theatre|19
THE 416 Modern Drama|19
THE 430 Devised Theatre and Performance|19
THE 450 Theatre Internship|19
THE 451 Theatre Internship|19
THE 498 Independent Study|19
THE 499 Independent Study|19
CM 100 Public Speaking Practicum|20
CM 101 Public Speaking Practicum|20
CM 102 Public Speaking Practicum|20
CM 103 Public Speaking Practicum|20
CM 104 Human Communication|20
CM 120 Broadcast Performance I|20
CM 132 Radio Practicum|20
CM 133 Radio Practicum|20
CM 134 Radio Practicum|20
CM 135 Radio Practicum|20
CM 150 Beginning Sign Language|20
CM 206 Communication Theory|20
CM 207 Rhetoric and Public Address|20
CM 211 Mass Communication|20
CM 212 Public Speaking|20
CM 220 Media Sales|20
CM 221 Introduction to Public Relations|20
CM 225 Introduction to New Media|20
CM 226 Audio Production|20
CM 231 Radio Production|20
CM 242 Video Production I|20
CM 246 Business Communication for Professionals|20
CM 250 Advanced Sign Language|20
CM 271 Print Media Writing|20
CM 304 Group Discussion|20
CM 310 Argumentation and Debate|20
CM 320 Broadcast Performance II|20
CM 321 Writing for Public Relations|20
CM 322 Media Relations|20
CM 323 Publications Editing and Design|20
CM 324 Public Relations Events and Promotions|20
CM 327 Persuasion|20
CM 328 Organizational Communication|20
CM 329 Interpersonal Communication|20
CM 330 Nonlinear Editing|20
CM 332 Broadcast Media Writing|20
CM 333 Broadcast Portfolio I|20
CM 336 Audio Production II|20
CM 340 News Writing and Production|20
CM 341 Video Production II|20
CM 355 Broadcast and Online Reporting|20
CM 402 Communication Seminar|20
CM 410 Media Management|20
CM 415 Public Relations Planning|20
CM 421 Public Relations Campaigns|20
CM 423 Crisis Communications Management|20
CM 426 Audio Production III|20
CM 431 Advanced Production|20
CM 433 Broadcast Portfolio II|20
CM 434 Media Law and Ethics|20
CM 444 Special Topics in Communication|20
CM 450 Communication Internship|20
CM 451 Communication Internship|20
CM 498 Independent Study|20
CM 499 Independent Study|20
EDU 200 Foundations of Education|21
EDU 210 Educational Technology|21
EDU 225 Instructional Needs of English Language Learners|21
EDU 230 Introduction to the Arts|21
EDU 240 Educational Assessment|21
EDU 250 Science Concepts in Education|21
EDU 260 Effective Communication in the Field of Education|21
EDU 270-280 Special Topics in Education|21
EDU 290 Education Technology Theory and Design|21
EDU 291 Distance-Enabling Instructional Technologies|21
EDU 292 Education Media and Digital Spaces|21
EDU 340 Curriculum Development|21
EDU 375 Psychology of Learning/Secondary Education|21
EDU 380 Topics in Children's Literature|21
EDU 390 Education Technology Practicum|21
EDU 450 Curriculum - Instruction and Assessment|21
ECH 102 Field Experience Stage 2|22
ECH 103 Field Experience Stage 3A|22
ECH 104 Field Experience Stage 3B|22
ECH 105 Field Experience Stage 3C|22
ECH 210 Educational Technology for Early Elementrary Learning|22
ECH 220 Instruction and Curriculum Development|22
ECH 230 Early Childhood Theory and Practice|22
ECH 240 Early Educational Assessment|22
ECH 250 Professionalism and Partnerships in Early Childhood Education|22
ECH 301 Literacy and Language for Young Children|22
ECH 304 Teaching Language Arts|22
ECH 310 Diagnostic Reading & Instruction|22
ECH 315 Teaching Social Studies at the Early Childhood Level|22
ECH 320 Teaching Mathematics at the Early Childhood Level|22
ECH 330 Teaching Science at the Early Childhood Level|22
ECH 475 Directed Professional Educational Experience in Early Childhood Education|22
ECH 480 Focused Studies in Early Childhood Education|22
ECH 485 Student Teaching Practicum in Early Childhood Education|22
ECH 490 Selected Topics in Early Childhood Education|22
ECH 493 Student Assistance Seminar|22
ECH 494 Professional Practicum in Student Teaching|22
ECH 495 Student Teaching in Early Childhood Education|22
MLE 201 Middle Level Program Field Experience I|23
MLE 300 Teaching Language Arts|23
MLE 301 Middle Level Education Program Field Experience II|23
MLE 310 Diagnostic Reading & Instruction|23
MLE 315 Teaching Social Studies at the Middle Level|23
MLE 320 Teaching Mathematics at the Middle Level|23
MLE 330 Teaching Science at the Middle Level|23
MLE 350 Content Pedagogies for the Middle School|23
MLE 475 Directed Professional Educational Experience in Middle Level Education|23
MLE 480 Focused Studies in Middle Level Education|23
MLE 485 Student Teaching Practicum in Middle Level Education|23
MLE 494 Professional Practicum|23
MLE 495 Student Teaching in Middle Level Education|23
SE 201 Secondary Program Field Experience I|24
SE 210 Educational Technology for Middle and Secondary Education|24
SE 220 Curriculum Development for Middle and Secondary Education|24
SE 301 Secondary Program Field Experience II|24
SE 351 Teaching Strategies for Middle and Secondary Education|24
SE 352 Teaching Social Studies in the Secondary School|24
SE 353 Teaching English|24
SE 354 Teaching General Science in the Secondary School|24
SE 355 Teaching Mathematics in the Secondary School|24
SE 356 Reading and Writing in the Content Areas|24
SE 460 Community and Legal Issues in the Secondary School|24
SE 475 Directed Professional Educational Experience|24
SE 480 Focused Studies in Education|24
SE 493 Student Assistance Seminar|24
SE 494 Professional Practicum in Student Teaching|24
SE 495 Student Teaching|24
SPE 102 Field Experience Stage 3|25
SPE 106 Field Experience (Stage 3D)|25
SPE 107 Field Experience (Stage 3E)|25
SPE 108 Field Experience (Stage 3F)|25
SPE 200 Special Education Processes and Procedure and Cognitive Development of Diverse Learners in a Standards Aligned System|25
SPE 205 Evidence Based Effective Instruction Students with Autism Spectrum and ADHD|25
SPE 206 Evidence Based Effective Instruction Students with Emotional and Social Disabilities|25
SPE 250 Professionalism and Partnerships in Early Childhood Special Education|25
SPE 264 Educational Assessment of Students with Disabilities|25
SPE 300 Effective Instructional Methods and Supports for Students with Disabilities in Inclusive Settings|25
SPE 301 Literacy Development and Instruction in Core and Intervention Areas Including Inclusive Practices|25
SPE 303 Evidence Based Instruction for Students with High Incidence Disabilities|25
SPE 304 Evidence Based Instruction for Students with Low Incidence Disabilities|25
SPE 333 Assessment/Instructional Design Evidence Based Effective Instruction Specific Learning Disabilities|25
SPE 370 Assistive and Augmentative Technology Universal Design to Support Standards Aligned Areas of Instruction|25
SPE 375 Positive Behavior Support|25
SPE 400 Behavior Design Intervention- & Classroom Management|25
SPE 410 Educating Students with High Incidence Disabilities Using Evidence Based Instruction|25
SPE 411 Educating Students with Low Incidence Disabilities Using Evidence Based Instruction|25
SPE 475 Directed Professional Educational Experience in Special Education|25
SPE 480 Focused Studies in Special Education|25
SPE 485 Student Teaching Practicum in Special Education|25
SPE 490 Analysis and Design of Instruction Senior Seminar|25
SPE 495 Student Teaching|25
CVE 100 Introduction to Civil and Environmental Engineering|26
CVE 220 Transportation Engineering|26
CVE 240 Engineering Geology|26
CVE 280 Civil and Environmental Engineering Professional Skills|26
CVE 320 Geotechnical Engineering|26
CVE 321 Geotechnical Engineering Laboratory|26
CVE 340 Structural Engineering I|26
CVE 350 Environmental Engineering I|26
CVE 351 Environmental Engineering Laboratory|26
CVE 400 Capstone Design I|26
CVE 402 Capstone Design II|26
CVE 440 Structural Engineering II|26
CVE 442 Steel Structures|26
CVE 444 Reinforced Concrete Structures|26
CVE 450 Environmental Engineering II|26
CVE 454 Pollution and Waste|26
CVE 458 Environmental Engineering Design|26
CVE 460 Hydraulics|26
CVE 462 Water Management|26
CS 100 CPADS (Computer Science Practice and Design Studio)|27
CS 101 Fundamentals of Computer Science I|27
CS 201 Fundamentals of Computer Science II|27
CS 320 Software Engineering and Design|27
CS 330 Network Applications and Protocols|27
CS 340 Programming Language Design|27
CS 350 Data Structures|27
CS 360 Analysis of Algorithms|27
CS 365 Parallel and Distributed Computing|27
CS 370 Computer Graphics Programming I|27
CS 420 Operating Systems|27
CS 456 Social and Professional Issues in Computing|27
CS 470 Advanced Graphics Programming|27
CS 481 Senior Software Project I|27
CS 482 Senior Software Project II|27
CS 490 Computer Science Internship I|27
CS 491 Computer Science Internship II|27
CS 496 Special Topics in Computer Science|27
CS 497 Special Topics in Computer Science|27
CS 498 Independent Study|27
EGR 100 EPADS I|28
EGR 102 EPADS II|28
EGR 150 Computational Methods in Engineering|28
EGR 240 Mathematical Methods in Engineering|28
EGR 290 Engineering Career Training Preparation|28
EGR 305 Statistical Design and Process Control|28
EGR 342 System Modeling and Analysis|28
EGR 392 Automatic Control|28
EGR 442 Applied Control|28
EGR 446 Automated Manufacturing Systems|28
EGR 491 Engineering Cooperative Work Experience (Co-op I)|28
EGR 492 Engineering Cooperative Work Experience (Co-op II)|28
EGR 493 Engineering Cooperative Work Experience (Co-op III)|28
ECE 100 Introduction to Electrical Engineering|29
ECE 220 Design and Analysis of Digital Circuits|29
ECE 260 Fundamentals of Computer Engineering|29
ECE 270 Waves and Optics|29
ECE 280 Fundamentals of Electrical Engineering|29
ECE 310 Design and Analysis of Analog Circuits|29
ECE 332 Introduction to Signal Processing|29
ECE 335 Discrete Mathematics with Applications|29
ECE 340 Random Signals|29
ECE 350 Electromagnetic Fields|29
ECE 360 Power Systems|29
ECE 370 Microprocessor System Design|29
ECE 380 Communication Networks|29
ECE 400 Capstone Design I|29
ECE 402 Capstone Design II|29
ECE 410 Power Electronics|29
ECE 420 Embedded System Design|29
ECE 430 Communication Systems|29
ECE 470 Special Topics in Electrical Engineering|29
ECE 472 Special Topics in Electrical Engineering|29
ECE 474 Special Topics in Electrical Engineering|29
ECE 476 Special Topics in Electrical Engineering|29
ECE 478 Special Topics in Electrical Engineering|29
ECE 480 Independent Study|29
ECE 482 Independent Study|29
ECE 490 Social - Ethical and Professional Issues in Engineering|29
ME 100 Introduction to Mechanical Engineering|30
ME 250 Statics|30
ME 252 Dynamics and Vibration|30
ME 260 Materials Science|30
ME 261 Materials Science Laboratory|30
ME 264 Strength of Materials|30
ME 265 Materials and Solids Laboratory|30
ME 270 Mechatronics|30
ME 320 Thermodynamics|30
ME 351 Instrumentation and Microprocessor Laboratory|30
ME 360 Fluid Mechanics|30
ME 361 Thermo/Fluids Experiments|30
ME 380 Machine Design|30
ME 400 Capstone Design I|30
ME 402 Capstone Design II|30
ME 410 Heat Transfer|30
ME 411 Thermal System Design|30
ME 420 Advanced Thermodynamics|30
ME 422 Robotics|30
ME 430 Applied Energy Systems|30
ME 432 Applied Thermal Science|30
ME 440 Mechanics of Machinery|30
ME 450 Finite Element Analysis|30
ME 452 Advanced Dynamics and Vibration|30
ME 460 Applied Kinematics and Dynamics|30
ME 462 Applied Mechanics and Materials|30
ME 464 Advanced Mechanics of Materials|30
ME 470 Special Topics in Mechanical Engineering|30
ME 472 Special Topics in Mechanical Engineering|30
ME 474 Special Topics in Mechanical Engineering|30
ME 476 Special Topics in Mechanical Engineering|30
ME 478 Special Topics in Mechanical Engineering|30
ME 480 Independent Study|30
ME 482 Independent Study|30
FLM 216 Introduction to Film|31
FLM 220 Film History|31
FLM 260-69 Special Topics in Film Genre|31
FLM 280-89 Special Topics in Film Directors|31
FLM 320-29 Special Topics in Film Period|31
FLM 340-49 Special Topics in National Cinemas|31
FLM 360-69 Special Topics in Film History and Analysis|31
FLM 380 Film Theory and Criticism|31
FLM 498 Independent Study|31
FLM 499 Independent Study|31
HUM 230 Studies In London|32
HUM 242 Science and Religion|32
HUM 300 Science Fiction|32
HUM 350 Research Methods in the Humanities|32
HUM 380 Special Topics in Humanities|32
HUM 382 American Freethinkers|32
HUM 402 Humanities Seminar|32
HUM 450 Humanities Internship|32
HUM 451 Humanities Internship|32
HUM 498 Independent Study|32
HUM 499 Independent Study|32
ARB 101 Elementary Arabic I|33
ARB 102 Elementary Arabic II|33
FRN 101 Elementary French I|34
FRN 102 Elementary French II|34
FRN 201 Intermediate French I|34
FRN 202 Intermediate French II|34
FRN 203 French for Business|34
FRN 205 Intermediate French Conversation|34
FRN 206 Reading Strategies in French|34
FRN 303 French Culture/Civilization|34
FRN 315 French Literature I|34
FRN 316 French Literature II|34
FRN 498 Independent Study|34
GRM 101 Elementary German I|35
GRM 102 Elementary German II|35
GRM 201 Intermediate German I|35
GRM 202 Intermediate German II|35
GRM 203 German for Business|35
GRM 205 Intermediate German Conversation|35
GRM 206 Reading Strategies in German|35
GRM 301 Advanced German I|35
GRM 302 Advanced German II|35
GRM 305 German Culture and Civilization|35
GRM 315 German Literature I|35
GRM 316 German Literature II|35
GRM 498 Independent Study|35
ITL 101 Elementary Italian I|36
ITL 102 Elementary Italian II|36
LAT 101 Elementary Latin I|37
LAT 102 Elementary Latin II|37
RUS 101 Elementary Russian I|38
RUS 102 Elementary Russian II|38
SPN 101 Elementary Spanish I|39
SPN 102 Elementary Spanish II|39
SPN 107 Spanish for the Health Fields|39
SPN 125 Orientation to Mexico|39
SPN 201 Intermediate Spanish I|39
SPN 202 Intermediate Spanish II|39
SPN 205 Intermediate Spanish Conversation|39
SPN 206 Reading Strategies in Spanish|39
SPN 301 Advanced Oral and Written Expression in Spanish|39
SPN 307 Spanish Civilization and Culture|39
SPN 308 Spanish-American Civilization and Culture|39
SPN 315 Introduction to the Literature of Spain|39
SPN 316 Introduction to the Literature of Spanish America|39
SPN 360 Teaching Spanish at the K-12 Levels|39
SPN 405 Spanish through Hispanic Cinema|39
SPN 420 Advanced Spanish Grammar|39
SPN 421 Spanish Translation|39
SPN 425 Spanish Linguistics|39
SPN 435 Special Topics in 20th Century Spanish-American Literature|39
SPN 436 Special Topics in 20th Century Literature of Spain|39
SPN 450 Internship in Spanish|39
SPN 498 Independent Study in Spanish|39
SPN 499 Independent Study in Spanish|39
LIT 200 Perspectives in Literature|40
LIT 203 African-American Literature|40
LIT 210 Studies in Criticism and Theory|40
LIT 270 Young Adult Literature|40
LIT 281 American Literature and Identity I|40
LIT 282 American Literature and Identity II|40
LIT 283 British Literature to 1750|40
LIT 284 British Literature after 1750|40
LIT 285 European Literature to 1600|40
LIT 286 European Literature since 1600|40
LIT 291 The Short Story|40
LIT 310 Language and Linguistics|40
LIT 313 American Novel|40
LIT 323 Shakespeare I|40
LIT 324 Shakespeare II|40
LIT 326 Twentieth-Century British Literature|40
LIT 342 Popular Literature|40
LIT 343 The Experience of Poetry|40
LIT 344 Love and Sex in Literature|40
LIT 346 Literature and Society|40
LIT 347 Literature and Psychology|40
LIT 348 Religion and Literature|40
LIT 373 Graphic Literature|40
LIT 375 James Joyce|40
LIT 378 Gay and Lesbian Literature|40
LIT 379 Literature and the Environment|40
LIT 380 Major Authors and Literary Traditions|40
LIT 381 Literary Theory|40
LIT 382 Women Writers|40
LIT 384 The Harlem Renaissance|40
LIT 386 Literary Philosophers|40
LIT 389 Postcolonial Theory|40
LIT 391 Literature of Terror|40
LIT 393 Literature and Film|40
LIT 395 Fantasy Literature|40
LIT 450 Literature Internship|40
LIT 451 Literature Internship|40
LIT 498 Independent Study|40
LIT 499 Independent Study|40
PHL 221 Introduction to Philosophy|41
PHL 222 Critical Thinking|41
PHL 223 Contemporary Moral Problems|41
PHL 224 Being Human|41
PHL 231 Logic|41
PHL 235 Ancient to Modern Philosophy|41
PHL 236 The Enlightenment to Postmodern Philosophy|41
PHL 238 Race - Gender - and Sexuality|41
PHL 240 Environmental Ethics|41
PHL 250 The Problem of God|41
PHL 321 Philosophy and Knowledge|41
PHL 331 Philosophy and Reality|41
PHL 341 Ethics|41
PHL 342 Professional Ethics|41
PHL 343 Ethical Issues in Peace and Conflict|41
PHL 346 Bioethics|41
PHL 347 Philosophy of Law|41
PHL 351 Philosophy and the Arts|41
PHL 361 Philosophy Today|41
PHL 369 Modern Political Thought|41
PHL 380 Women - Gender - and Philosophy|41
PHL 381-389 Special Topics in Philosophy|41
PHL 383 Philosophy of Religion|41
PHL 390 Philosophy of Technology|41
PHL 394 Civic Humanities|41
PHL 395 Philosophy and Film|41
PHL 450 Philosophy Internship|41
PHL 451 Philosophy Internship|41
PHL 498 Independent Study|41
PHL 499 Independent Study|41
REL 265 World Religions|42
REL 270 Tradition and Culture of Judaism|42
REL 275 Tradition and Culture of Christianity|42
REL 368 Religion - Society - and Culture|42
REL 369 American Religious Thought and Culture|42
REL 380 Special Topics in Religion|42
REL 381 Women and Religion|42
REL 498 Independent Study|42
REL 499 Independent Study|42
WGS 210 Women's Health|43
WGS 225 The Family|43
WGS 238 Race -Gender - and Sexuality|43
WGS 260 Gender and Society|43
WGS 303 Gender and Crime|43
WGS 340 Women and War|43
WGS 341 History of Women's Rhetorics|43
WGS 342 Women in the United States A History|43
WGS 344 Love and Sex in Literature|43
WGS 380 Women - Gender - and Philosophy|43
WGS 381 Women and Religion|43
WGS 382 Women Writers|43
WGS 395 European Witch Craze|43
WGS 450 Women's and Gender Studies Internship|43
WGS 451 Women's and Gender Studies Internship|43
WGS 498 Independent Study|43
WGS 499 Independent Study|43
CRW 272 Introduction to Creative Writing|44
CRW 275 Playwriting|44
CRW 370 Special Topics in Creative Writing|44
CRW 372 Poetry Writing|44
CRW 373 Creative Nonfiction|44
CRW 377 Screenwriting|44
CRW 380 Literary Publishing|44
CRW 382 Fiction Writing|44
FCO 105 Rhetorical Communication|44
FCO 210 (WRT210) Communication in Professional Cultures|44
FCO 215 Technical and Scientific Communication|44
FCO 225 (WRT225) Interdisciplinary Communication|44
WRT 100 Introduction to College Writing|44
WRT 103 Writing Studio|44
WRT 230 Publications Managment I|44
WRT 280 Research Methods in Writing Studies|44
WRT 290 Teaching and Tutoring Writing I|44
WRT 305 Rhetorical Theory|44
WRT 312 Writing Humor|44
WRT 315 Advanced Composition|44
WRT 320 Digital Writing Theory and Practice|44
WRT 321 Document Design Theory and Practice|44
WRT 330 Publications Managment II|44
WRT 341 History of Women's Rhetorics|44
WRT 350 Analytical Grammar|44
WRT 351 History and Theory of Composition|44
WRT 352 Rhetoric of Science|44
WRT 360-369 Special Topics in Professional Writing|44
WRT 374 Writing Children's Literature|44
WRT 405 Legal and Ethical Issues in Publishing|44
WRT 406 Usability Studies|44
WRT 407 Visual Rhetoric|44
WRT 410 Professional Editing|44
WRT 430 Publications Managment III|44
WRT 450 Experiential Learning in Writing|44
WRT 451 Experiential Learning in Writing|44
WRT 452 Research in Teaching and Tutoring of Writing|44
WRT 460-469 Special Topics in Professional Writing|44
WRT 480 Senior Seminar in Professional Writing|44
WRT 498 Independent Study|44
WRT 499 Independent Study|44
ACC 220 Financial Accounting|45
ACC 225 Managerial Accounting|45
ACC 305 Taxation I|45
ACC 315 Introduction to Financial Fraud|45
ACC 320 Intermediate Accounting I|45
ACC 325 Intermediate Accounting II|45
ACC 330 Intermediate Accounting III|45
ACC 340 Accounting for Governmental and Not-for-Profit Entities|45
ACC 350 Ethics in Accounting|45
ACC 375 Advanced Managerial Accounting|45
ACC 395 Taxation II|45
ACC 410 Auditing|45
ACC 420 Advanced Accounting|45
ACC 425 Special Topics in Accounting|45
ACC 430 Advanced Auditing|45
ACC 490 Accounting Internship|45
ACC 491 Accounting Internship|45
BUS 150 Introduction to Business|46
BUS 260 Legal Environment of Business|46
BUS 350 Management of Not-for-Profit Operations|46
BUS 360 Business and Commercial Law|46
BUS 490 Business Internship|46
BUS 491 Business Internship|46
BUS 494 Integrated Business Experience|46
BUS 495 Business Strategy and Policy|46
BUS 498 Independent Study|46
BUS 499 Independent Study|46
FIN 218 Personal Finance|46
ECO 200 Principles of Economics (Macro)|47
ECO 201 Principles of Economics (Micro)|47
ECO 205 (ECO300) Economic Perspectives|47
ECO 315 Environmental and Natural Resource Economics|47
ECO 340 Economic Development|47
ECO 345 The Economics of Urban Revitalization|47
ECO 350 Intermediate Microeconomics|47
ECO 352 Introduction to Public Finance|47
ECO 360 Intermediate Macroeconomics|47
ECO 370 Money and Banking|47
ECO 375 History of Economic Thought|47
ECO 390 Managerial Economics|47
ECO 450 Economics Seminar|47
ECO 490 Economics Internship I|47
ECO 491 Economics Internship II|47
ENT 150 Introduction to Entrepreneurship|48
ENT 220 The Entrepreneurial Marketplace|48
ENT 260 Entrepreneurship and Small Business Management|48
ENT 350 Creativity and Innovation|48
ENT 360 Financing Entrepreneurial Ventures|48
ENT 450 Small Business Consulting|48
ENT 470 Special Topics in Entrepreneurship|48
ENT 472 Special Topics in Entrepreneurship|48
ENT 474 Special Topics in Entrepreneurship|48
ENT 490 Entrepreneurship Internship I|48
ENT 491 Entrepreneurship Internship II|48
ENT 495 Business Plan Writing|48
FIN 300 Managerial Finance I|49
FIN 310 Real Estate Finance|49
FIN 320 Investments|49
FIN 330 Risk Management and Insurance|49
FIN 340 Financial Institutions and Markets|49
FIN 410 Managerial Finance II|49
FIN 420 Derivative Securities|49
FIN 430 Security Valuation|49
FIN 450 Finance Seminar|49
FIN 490 Finance Internship I|49
FIN 491 Finance Internship II|49
IFS 100 Information Technology (IT) Competency Exam|50
IFS 105 Personal Productivity Computing|50
IFS 160 Visual BASIC Programming|50
IFS 175 Development Fundamentals|50
IFS 225 Programming Business Applications|50
IFS 285 Introduction to Database|50
IFS 305 Management Information Systems|50
IFS 320 Web Development|50
IFS 325 Introduction to Networks|50
IFS 335 Advanced Networks Design|50
IFS 425 E-Commerce|50
IFS 440 Business Systems Analysis & Design|50
IFS 465 Business Analytics and Data Mining|50
IFS 475 Information Security and Ethics|50
IFS 480 Big Data & Advanced Data Mining|50
IFS 490 Information System Internship I|50
IFS 491 Information System Internship II|50
IBS 200 Principles of International Business|51
IBS 370 International Marketing|51
IBS 375 International Management|51
IBS 401 International Economics|51
IBS 405 International Finance|51
IBS 415 International Accounting|51
IBS 480 Global Supply Chain Management|51
MGT 150 Principles of Management|52
MGT 210 Operational Excellence|52
MGT 220 Human Resource Management|52
MGT 225 Organizational Behavior|52
MGT 305 Total Quality Management|52
MGT 315 Human Resource Development|52
MGT 330 Labor Relations|52
MGT 346 Organization Theory and Process|52
MGT 380 Leadership and Change in Organizations|52
MGT 385 Industrial and Organizational Psychology|52
MGT 410 Project Management|52
MGT 420 Employment Law|52
MGT 435 Recruitment/Selection of Human Resources|52
MGT 445 Ethical Leadership and Social Responsibility in Organizations|52
MGT 450 Special Studies in Management|52
MGT 490 Management Internship|52
MGT 491 Management Internship|52
MKT 100 Principles of Marketing|53
MKT 210 Market Measurement and Analysis|53
MKT 220 Personal Selling|53
MKT 230 Retailing|53
MKT 310 Fashion Marketing|53
MKT 320 Retail Buying and Merchandising|53
MKT 330 Advertising|53
MKT 335 New Product Planning and Marketing|53
MKT 345 Tourism Marketing|53
MKT 350 Business to Business Marketing|53
MKT 355 E-Marketing|53
MKT 360 Consumer Behavior|53
MKT 365 Branding|53
MKT 380 Sales Management|53
MKT 390 Advanced Advertising|53
MKT 410 Marketing Ethics|53
MKT 450 Marketing Research|53
MKT 475 Marketing Policies and Strategies|53
MKT 490 Marketing Internship|53
MKT 491 Marketing Internship|53
MKT 494 Internship in Retailing|53
MKT 495 Internship in Retailing|53
MKT 496 Internship in Advertising|53
MKT 497 Internship in Advertising|53
QBA 260 Business Statistics I|54
QBA 265 Business Statistics II|54
QBA 315 Research Methods in Business|54
QBA 330 Business Modeling and Simulation|54
QBA 410 Econometrics|54
QBA 420 Business Intelligence and Advanced Analytics|54
SCM 240 Logistics|55
SCM 300 Operations Management|55
SCM 310 Purchasing Management|55
SCM 320 Lean Systems|55
SCM 325 Business Process Management and Control|55
SCM 445 Operations in Service Organizations|55
SCM 480 Advanced Operations Management|55
SCM 481 Enterprise Resource Planning|55
SCM 485 Special Studies in Supply Chain Operations Management|55
SCM 486 Special Studies in Supply Chain Operations Management|55
SCM 487 Special Studies in Supply Chain Operations Management|55
SCM 488 Special Studies in Supply Chain Operations Management|55
SCM 489 Special Studies in Supply Chain Operations Management|55
SCM 490 Internship in Supply Chain Operations Management|55
SCM 491 Internship in Supply Chain Operations Management|55
SCM 495 Continuous Improvement Consulting|55
G 100 (G243) World Regional Geography|56
G 151 Introduction to Physical Geography|56
G 241 International Service Learning Making a Difference in a Globalizing World|56
G 242 International Service Learning Making a Difference in a Globalizing World|56
G 261 (G361) Introduction to Geographic Information Systems|56
G 262 Introduction to Remote Sensing|56
G 331 Metropolitan Development|56
G 332 Globalizing Economic World|56
G 336 Historical Geography of North America|56
G 348 Cultures and Environments Field Series|56
G 349 Cultures and Environments Field Series|56
G 352 Geographic Perspectives on Sustainability|56
G 461 Advanced Geographic Information Systems|56
G 470-479 Selected Topics in Geography|56
G 481 Independent Study|56
G 482 Independent Study|56
G 491 Internship|56
G 492 Internship|56
HIS 101 The Foundation of the West|57
HIS 102 The West in the World|57
HIS 111 American Civilization I|57
HIS 112 American Civilization II|57
HIS 121 World History I|57
HIS 122 World History II|57
HIS 140 History of Africa I|57
HIS 141 History of Africa II|57
HIS 200 Methods and Theory in History|57
HIS 205 Oral History Techniques and Research|57
HIS 206 Introduction to Museum Studies|57
HIS 207 Historic Preservation|57
HIS 300 Ancient History (Prehistory to 476)|57
HIS 301 Medieval Civilization|57
HIS 302 Renaissance and Reformation|57
HIS 310 Medieval Military History|57
HIS 315 History of Technology to 1550|57
HIS 320 Europe after 1914|57
HIS 330 History of Britain I and II|57
HIS 331 History of Britain I and II|57
HIS 333 British Empire|57
HIS 334 History of Modern Ireland|57
HIS 340 Pre-Columbian Civilizations The Incas|57
HIS 341 Pre-Columbian Civilizations The Mayas|57
HIS 342 Pre-Columbian Civilizations The Aztecs|57
HIS 350 American Colonial History (1607-1760)|57
HIS 352 The Revolutionary Era in America|57
HIS 353 The Jacksonian Era (Middle Period - 1816-1846)|57
HIS 362 Human Trafficking and Slavery - Then and Now|57
HIS 363 Coming of the Civil War 1846-1861|57
HIS 364 Civil War and Reconstruction - 1861-1877|57
HIS 365 The Emergence of Modern America - 1877-1914|57
HIS 366 Twentieth Century American History - 1914-1945|57
HIS 367 Recent America - 1945-Present|57
HIS 370 History of Alcohol and Drugs in American Life|57
HIS 371 American Constitutionalism (I) Structures of Government|57
HIS 372 American Constitutionalism (II) Civil Rights and Liberties|57
HIS 375 American Economic History|57
HIS 386 Historical Geography of North America|57
HIS 387 North American Environmental History|57
HIS 388 Race and Racism in the Americas|57
HIS 390 Women in the United States A History|57
HIS 391 Women and War|57
HIS 392 History of Intelligence|57
HIS 395 Special Topics in American History|57
HIS 396 Special Topics in American History|57
HIS 397 Special Topics in World History|57
HIS 398 Special Topics in World History|57
HIS 399 Special Topics in Public History|57
HIS 400 Greece and Rome Exposed|57
HIS 401 The Vikings|57
HIS 402 The Black Death|57
HIS 403 The European Witch Craze|57
HIS 409 The Middle Ages in Film|57
HIS 420 The First World War|57
HIS 421 Nazi Germany and the Holocaust|57
HIS 422 Holocaust in Film|57
HIS 440 History of Terrorism|57
HIS 441 Native American History|57
HIS 452 Creation of the American Nation|57
HIS 460 The Civil Rights Movement|57
HIS 461 America in the Sixties|57
HIS 462 U.S. in Vietnam|57
HIS 470 Baseball History|57
HIS 473 Social Movements in the World|57
HIS 489 Special Topics in American History|57
HIS 490 Special Topics in American History|57
HIS 491 Special Topics in World History|57
HIS 492 Special Topics in World History|57
HIS 493 Special Topics in British History|57
HIS 494 Special Topics in British History|57
HIS 495 History Internship|57
HIS 496 History Internship|57
HIS 497 Independent Study|57
HIS 498 Independent Study|57
HIS 499 Senior Seminar in History|57
IFS 100 Information Technology (IT) Competency Exam|58
IFS 105 Personal Productivity Computing|58
IFS 160 Visual BASIC Programming|58
IFS 175 Development Fundamentals|58
IFS 225 Programming Business Applications|58
IFS 285 Introduction to Database|58
IFS 305 Management Information Systems|58
IFS 320 Web Development|58
IFS 325 Introduction to Networks|58
IFS 335 Advanced Networks Design|58
IFS 425 E-Commerce|58
IFS 440 Business Systems Analysis & Design|58
IFS 465 Business Analytics and Data Mining|58
IFS 475 Information Security and Ethics|58
IFS 480 Big Data & Advanced Data Mining|58
IFS 490 Information System Internship I|58
IFS 491 Information System Internship II|58
INT 101 Introduction to Indo-European Languages|59
INT 143 Introduction to Africa|59
INT 144 Introduction to East Asia|59
INT 145 Introduction to Latin America|59
INT 146 Introduction to the Middle East|59
INT 147 Introduction to Russia|59
INT 150 Introduction to South Asia|59
INT 201 Introduction to World Languages|59
PS 101 (PS141) American Government and Citizenship|60
PS 102 Contemporary Global Issues|60
PS 110 Introduction to Political Science|60
PS 141 American Government Foundations and Institutions|60
PS 142 American Government Process and Policy|60
PS 151 Introduction to Public Administration|60
PS 242 State and Local Government|60
PS 243 Government and Politics of Africa|60
PS 244 Government and Politics of East Asia|60
PS 245 Government and Politics of Latin America|60
PS 246 Government and Politics of the Middle East|60
PS 247 Government and Politics of Russia|60
PS 248 Government and Politics of the Caribbean|60
PS 250 Government and Politics of South Asia|60
PS 260 Comparative Politics|60
PS 262 Quantitative Analysis|60
PS 302 International Relations|60
PS 303 American Foreign Policy|60
PS 304 American-East Asian Relations|60
PS 305 Parties - Campaigns - and Elections|60
PS 306 International Organizations|60
PS 307 International Law|60
PS 308 International Political Economy|60
PS 309 International Organizations|60
PS 310 Decision Making in the Public Sector|60
PS 312 Politics of Public Policy|60
PS 317 Principles of Law|60
PS 327 Environmental Law|60
PS 337 Administrative Law|60
PS 352 Introduction to Public Finance|60
PS 357 Health Law and Policy|60
PS 361 American Political Thought|60
PS 362 The Congress|60
PS 363 The Presidency|60
PS 367 Judicial Politics|60
PS 368 Ancient Political Thought|60
PS 369 Modern Political Thought|60
PS 371 American Constitutionalism (I) Structures of Government|60
PS 372 American Constitutionalism (II) Civil Rights and Liberties|60
PS 406 International Peace and Security|60
PS 450 Senior Seminar|60
PS 471-478 Selected Topics in Political Science|60
PS 473 Social Movements Around the World|60
PS 479 European Union|60
PS 480 European Union|60
PS 490 Internship|60
PS 491 Internship|60
PS 498 Independent Study|60
PS 499 Independent Study|60
HSP 100 Introduction to Hospitality Management|61
HSP 120 Career Paths in Hospitality and Tourism|61
HSP 125 Professional Effectiveness|61
HSP 150 Work Experience in Hospitality I|61
HSP 210 Managerial Accounting for the Hospitality Industry|61
HSP 225 Hospitality Management and the Law|61
HSP 230 Leadership and Human Resource Management in the Hospitality and Tourism Industry|61
HSP 235 Current Issues in Hospitality and Tourism|61
HSP 240 Facility Management|61
HSP 250 Work Experience in Hospitality II|61
HSP 260 Club Management|61
HSP 270 Food Sourcing - Selection - Safety - and Sanitation|61
HSP 300 Food and Beverage Management|61
HSP 330 Global Topics 1 - Transportation and Tourism|61
HSP 335 Global Topics 2 - Cross Cultural Issues|61
HSP 340 Hospitality Finance|61
HSP 345 Hospitality Marketing|61
HSP 350 Work Experience in Hospitality III|61
HSP 360 Commercial Food Production Management|61
HSP 410 Revenue Management and Hospitality/Tourism Technology|61
HSP 430 Strategic Career Planning Portfolio|61
HSP 440 Strategic Career Plan Execution|61
HSP 480 Special Topics in Hospitality Management|61
HSP 481 Special Topics in Hospitality Management|61
HSP 482 Special Topics in Hospitality Management|61
HSP 483 Special Topics in Hospitality Management|61
HSP 484 Special Topics in Hospitality Management|61
HSP 485 Special Topics in Hospitality Management|61
HSP 498 Independent Study in Hospitality Management|61
HSP 499 Independent Study in Hospitality Management|61
PE 105 Aqua Exercise (Coed)|62
PE 106 Introduction to Water Polo|62
PE 110 Beginning Bowling (Coed)|62
PE 117 Modern Dance (Coed)|62
PE 118 Physical Fitness and Conditioning (Men)|62
PE 119 Physical Fitness and Conditioning (Women)|62
PE 120 Beginning Swimming (Coed)|62
PE 121 Intermediate and Advanced Swimming (Coed)|62
PE 124 Lifeguard Training (Coed)|62
PE 125 Scuba Diving (Coed)|62
PE 126 Water Safety Instructor (Coed)|62
PE 129 Pop Jazz Dance (Coed)|62
PE 130 Elementary Self-Defense (Women)|62
PE 134 Concepts of Physical Activity and Wellness (Coed)|62
PE 136 Aerobic Dance (Coed)|62
PE 139 Trends in Cardiorespiratory Exercise (Coed)|62
PE 140 Fundamentals of Golf (Coed)|62
PE 141 Introduction to Adventure Sports (Coed)|62
PE 142 Introduction to Flatwater Paddle Sports|62
PE 150 Archery (Coed)|62
PE 151 Badminton (Coed)|62
PE 152 Basketball (Men - Women - Coed)|62
PE 154 Ice Skating (Coed)|62
PE 155 Soccer (Coed)|62
PE 156 Softball (Coed)|62
PE 159 Tennis (Coed)|62
PE 160 Volleyball (Coed)|62
PE 163 Introduction to Yoga (Coed)|62
PE 164 Introduction to Tai Chi (Coed)|62
PE 165 Introduction to Pilates (Coed)|62
PE 166 Intro to Indoor Rock Climbing (Coed)|62
PE 170 Core Conditioning (Coed)|62
PE 234 Wellness - Fitness and Lifestyle Management|62
REC 101 Recreation and Leisure in Modern Society|63
REC 103 Leadership and Group Dynamics|63
REC 200 Introduction to Therapeutic Recreation|63
REC 210 Recreation Programming|63
REC 211 Recreation Programming Lab|63
REC 215 Field Experience Preparation and Professional Development|63
REC 221 Experiential Learning in Recreation|63
REC 230 Connecting Leisure - Health and Wellness|63
REC 250 Special Events Management|63
REC 310 Outdoor Recreation|63
REC 331 Leadership in Therapeutic Recreation|63
REC 333 Organizing Community Recreation|63
REC 343 Organizing Therapeutic Recreation|63
REC 360 Camp Management|63
REC 361 Clinical Applications in Therapeutic Recreation|63
REC 365 Medical Conditions and the Impact on Therapeutic Recreation|63
REC 380 Selected Topics in Community Recreation|63
REC 381 Selected Topics in Community Recreation|63
REC 382 Selected Topics in Community Recreation|63
REC 383 Selected Topics in Community Recreation|63
REC 384 Selected Topics in Community Recreation|63
REC 385 Selected Topics in Therapeutic Recreation|63
REC 386 Selected Topics in Therapeutic Recreation|63
REC 387 Selected Topics in Therapeutic Recreation|63
REC 388 Selected Topics in Therapeutic Recreation|63
REC 389 Selected Topics in Therapeutic Recreation|63
REc 392 Selected Topics in Therapeutic Recreation|63
REC 393 Selected Topics in Community Recreation|63
REC 394 Selected Topics in Community Recreation|63
REC 390 Meeting Children's Needs Through Movement|63
REC 400 Therapeutic Recreation and Aging|63
REC 401 Management of Recreation and Park Facilities|63
REC 450 Recreation Administration|63
REC 460 Directed Field Experience in Community Recreation and Leisure|63
REC 461 Directed Field Experience in Community Recreation and Leisure|63
REC 470 Directed Field Experience in Therapeutic Recreation and Leisure|63
REC 471 Directed Field Experience in Therapeutic Recreation and Leisure|63
REC 491 Seminar in Recreation and Leisure|63
REC 498 Independent Study|63
REC 499 Independent Study|63
SPM 101 History and Philosophy of Sport|64
SPM 105 Sport Management Freshman Seminar|64
SPM 110 Sport Management Practicum|64
SPM 111 Sport Management Practicum|64
SPM 112 Sport Management Practicum|64
SPM 113 Sport Management Practicum|64
SPM 125 Introduction to Sport Management|64
SPM 130 Sport in Society|64
SPM 150 Sport Management Practicum I|64
SPM 151 Sport Management Practicum II|64
SPM 205 Responding to Emergencies|64
SPM 225 Communication in Sport|64
SPM 230 Concepts of Social Media Platforms|64
SPM 250 Sport Management Practicum III|64
SPM 251 Sport Management Practicum IV|64
SPM 260 Lifeguard Specialties|64
SPM 302 Principles of Athletic Coaching|64
SPM 303 Management Strategies and Prevention of Sport Injuries|64
SPM 310 Sport Behavior|64
SPM 320 Sport Administration and Management Practices|64
SPM 325 Facility and Event Management|64
SPM 330 Sport Marketing|64
SPM 335 Sport Sales and Ticket Operations|64
SPM 340 Financing Sport Operations|64
SPM 350 Public and Media Relations in Sport|64
SPM 360 Aquatic Facilities Management|64
SPM 361 Aquatic Recreation Systems|64
SPM 362 Lifeguard Instructor|64
SPM 370 Special Topics in Sport Management|64
SPM 401 Professional Development|64
SPM 402 Youth Sports Administration|64
SPM 425 Legal Aspects of Sport|64
SPM 470 Sport Management Senior Seminar|64
SPM 475 Ethics and Current Issues in Sport|64
SPM 480 Work Experience in Sport Management|64
NUR 200 Women's Health|65
NUR 201 Human Development and Health Care|65
NUR 202 Nutrition in Health Care|65
NUR 210 Basic Principles in Nursing Practice|65
NUR 211 Basic Principles in Nursing Practice Clinical|65
NUR 220 Concepts in Professional Nursing for the Licensed Practical Nurse|65
NUR 240 Introduction to Perioperative Nursing|65
NUR 300 Pharmacology for Nurses|65
NUR 304 Health Assessment for Professional Nursing Practice|65
NUR 305 Health Assessment for Professional Nursing Practice Lab|65
NUR 314 Research and Professional Nursing Practice|65
NUR 320 Health Assessment for Registered Nurses|65
NUR 321 Transitional Concepts for Registered Nurses|65
NUR 325 Human Lactation|65
NUR 331 Alternative and Complementary Therapies in Nursing and Healthcare|65
NUR 332 Research Concepts for Registered Nurses|65
NUR 340 Nursing Concepts and Practice Adults with Chronic Health Problems|65
NUR 341 Nursing Concepts and Practice Adults with Chronic Health Problems Clinical|65
NUR 350 Nursing Concepts and Practice Women∆s Health|65
NUR 351 Nursing Concepts and Practice Women's Health Clinical|65
NUR 352 Nursing Concepts and Practice Children with Acute Health Problems|65
NUR 353 Nursing Concepts and Practice Children with Acute Health Problems Clinical|65
NUR 385 Comparative Health Care|65
NUR 386 Stress Management for Healthcare Providers|65
NUR 400 Nursing Concepts and Practice Community Health Nursing|65
NUR 401 Nursing Concepts and Practice Community Health Nursing Clinical|65
NUR 421 Leadership Concepts for Registered Nurses|65
NUR 422 Nursing Concepts and Practice Psychiatric/Mental Health Nursing|65
NUR 423 Nursing Concepts and Practice Psychiatric/Mental Health Nursing Clinical|65
NUR 440 Nursing Concepts and Practice Adults with Acute Health Problems|65
NUR 441 Nursing Concepts and Practice Adults with Acute Health Problems Clinical|65
NUR 450 Nursing Practicum|65
NUR 451 Nursing Practicum Clinical|65
NUR 456 Community Health Concepts and Issues for Registered Nurses|65
NUR 457 Community Health Concepts and Issues for Registered Nurses Clinical|65
NUR 460 Leadership in Professional Nursing|65
NUR 498 Independent Study|65
NUR 499 Independent Study|65
CHM 104 Foundations in Chemistry|66
CHM 122 Principles of General and Organic Chemistry|66
CHM 130 First-year Chemistry Colloquium|66
CHM 134 General Chemistry I|66
CHM 136 General Chemistry II|66
CHM 146 Advanced Chemistry II|66
CHM 150 Introductory Seminar in Computers for Chemists|66
CHM 152 Introductory Seminar in Chemistry Issues - Ethics - and Experimental Design|66
CHM 202 (CHM102) Chemistry and Society|66
CHM 230 Chemistry Literature Colloquium|66
CHM 234 Organic Chemistry I|66
CHM 236 Organic Chemistry II|66
CHM 240 Perspectives on the Molecular World|66
CHM 322 Inorganic Chemistry|66
CHM 336 Quantitative Analytical Chemistry|66
CHM 338 Instrumental Analytical Chemistry|66
CHM 344 Physical Chemistry I|66
CHM 346 Physical Chemistry II|66
CHM 350 Biochemistry I|66
CHM 362 Special Topics in Chemistry|66
CHM 364 Special Topics in Chemistry|66
CHM 366 Special Topics in Chemistry|66
CHM 368 Special Topics in Chemistry|66
CHM 370 Bioinorganic Chemistry|66
CHM 434 Advanced Organic Chemistry|66
CHM 451 Capstone Laboratory Experience|66
CHM 481 Independent Study|66
CHM 482 Independent Study|66
CHM 490 Chemistry Internship|66
ESS 152 Earth and Space Science|67
ESS 154 Introduction to Astronomy|67
ESS 254 Local Perspectives on the Geological World|67
ESS 481 Independent Study in Earth Sciences|67
MLS 401 Clinical Microbiology|68
MLS 402 Clinical Chemistry|68
MLS 403 Clinical Hematology/Coagulation|68
MLS 404 Clinical Immunohematology|68
MLS 405 Clinical Immunology/Serology|68
MLS 406 Clinical Seminar|68
FCM 200 Criminalistics|69
FCM 362 Crime Scene Processing|69
FCM 380 Forensic Trace Evidence Analysis|69
FCM 381 Forensic Trace Evidence Analysis Lab|69
FCM 410 Forensic Body Fluid Analysis|69
FCM 451 Forensic Laboratory Experience|69
FCM 480 Forensic Chemistry Independent Study|69
FCM 481 Forensic Chemistry Independent Study|69
FCM 490 Forensic Chemistry Internship|69
MAT 102 Preliminary Mathematics|70
MAT 104 Algebra Recitation|70
MAT 105 College Algebra|70
MAT 107 History of Codes and Ciphers|70
MAT 108 Precalculus|70
MAT 109 Quantitative Reasoning|70
MAT 111 Critical Thinking and Problem Solving in Mathematics|70
MAT 115 Mathematical Foundations|70
MAT 120 Applied Calculus|70
MAT 150 Using Data to Improve Decision Making|70
MAT 171 Calculus I|70
MAT 172 Calculus II|70
MAT 210 Strategies for Teaching Basic Mathematics Skills|70
MAT 211 Strategies for Teaching Basic Mathematics Skills Practicum|70
MAT 215 The Structure of Sets and Numbers II|70
MAT 235 Discrete Mathematics|70
MAT 250 Statistics|70
MAT 260 Linear Algebra I|70
MAT 271 Calculus III|70
MAT 272 Differential Equations|70
MAT 280 Mathematical Structures|70
MAT 291 Applied Mathematics for Chemists and Mathematicians|70
MAT 320 Number Theory|70
MAT 340 Introduction to Geometry|70
MAT 345 Modern Geometry|70
MAT 350 Probability and Statistics|70
MAT 355 Math Standards|70
MAT 360 Linear Algebra II|70
MAT 361 Abstract Algebra I|70
MAT 362 Abstract Algebra II|70
MAT 371 Elementary Analysis I|70
MAT 372 Elementary Analysis II|70
MAT 390 History of Mathematics|70
MAT 391 Cryptology|70
MAT 440 Advanced Geometry|70
MAT 470 Numerical Analysis|70
MAT 473 Partial Differential Equations|70
MAT 477 Complex Analysis|70
MAT 480 Point-Set Topology|70
MAT 490 Mathematics Internship|70
MAT 492 Directed Experience in Mathematics Teaching|70
MAT 493 Mathematics Seminar|70
MAT 496 Independent Study in Mathematics|70
MAT 497 Reading and Research in Mathematics|70
PSC 152 Concepts in Physics in Everyday Life|71
PSC 154 Physical Science II|71
PSC 302 Mysteries of the Quantum World|71
PSC 434 Special Topics In Physical Sciences|71
PSC 481 Independent Study|71
PSC 482 Independent Study|71
PHY 110 General Physics I|72
PHY 112 General Physics II|72
PHY 160 Engineering Physics Mechanics|72
PHY 162 Engineering Physics Heat - Thermodynamics - and Sound|72
PHY 163 Engineering Physics Heat - Thermodynamics - and Sound|72
PHY 260 Engineering Physics Electricity & Magnetism|72
PHY 262 Engineering Physics Optics and Modern Physics|72
PHY 263 Engineering Physics Optics and Modern Physics|72
